Id,Title,Description,UserStory,AcceptanceCriteria,Epic,Priority,StoryPoints,Size,Estimate,Sprint,Area,Assignees,Labels,Status,StartWeek,EndWeek,StartDate,TargetDate
PB-001,Definir alcance del sistema,Definir el alcance funcional y técnico de WellQ APP Exámenes Médicos para mantener el proyecto realizable dentro de nueve semanas.,"Como equipo de desarrollo, queremos definir claramente el alcance del sistema para mantener el proyecto realizable dentro de las nueve semanas disponibles.",Se documentan funcionalidades incluidas y excluidas | Se define alcance Web y Android | iOS queda fuera del MVP | Se documenta que no existe integración con la plataforma WellQ real,EP01,P0,3,M,3,S1,DOCS,Christopher Georgi;Andrés Guarumo;Astrid Coy;Génesis Cortéz,type:docs;area:docs,Backlog,1,1,,
PB-002,Definir tipos de usuario,Definir los perfiles que utilizarán la solución y sus responsabilidades principales.,"Como equipo de desarrollo, queremos definir los tipos de usuario y sus responsabilidades para establecer correctamente los permisos y flujos de la solución.","Se documentan System Administrator, Clinic Administrator, Clinician y Patient | Cada rol tiene responsabilidades y restricciones definidas",EP01,P0,2,S,2,S1,DOCS,Christopher Georgi;Andrés Guarumo;Astrid Coy;Génesis Cortéz,type:docs;area:docs,Backlog,1,1,,
PB-003,Levantar requisitos funcionales,Identificar y documentar los requisitos funcionales verificables del sistema.,"Como equipo de desarrollo, queremos identificar los requisitos funcionales para disponer de una base verificable sobre la cual construir el producto.","Los requisitos poseen identificador | Cubren autenticación, pacientes, exámenes, documentos, auditoría y móvil | Cada requisito es verificable",EP01,P0,3,M,3,S1,DOCS,Christopher Georgi;Andrés Guarumo;Astrid Coy;Génesis Cortéz,type:docs;area:docs,Backlog,1,1,,
PB-004,Levantar requisitos no funcionales,Documentar las restricciones y atributos de calidad que debe cumplir la solución.,"Como equipo de desarrollo, queremos identificar los requisitos no funcionales para asegurar atributos de calidad, seguridad, rendimiento y mantenibilidad.","Se documentan seguridad, rendimiento, mantenibilidad, compatibilidad, trazabilidad, disponibilidad y privacidad",EP01,P0,3,M,3,S1,DOCS,Christopher Georgi;Andrés Guarumo;Astrid Coy;Génesis Cortéz,type:docs;area:docs,Backlog,1,1,,
PB-005,Diseñar arquitectura general,Diseñar la arquitectura general del sistema y la interacción entre sus componentes.,"Como equipo de desarrollo, queremos diseñar la arquitectura general del sistema para definir cómo interactúan la web, la app Android, la API, las bases de datos y el almacenamiento documental.","El diagrama incluye Web React, Android React Native, API NestJS, PostgreSQL, SQLite, almacenamiento de objetos y Railway | Se documentan responsabilidades principales de cada componente",EP01,P0,5,L,5,S1,DOCS,Christopher Georgi;Andrés Guarumo;Astrid Coy;Génesis Cortéz,type:docs;area:docs,Backlog,1,1,,
PB-006,Definir arquitectura modular del backend,Definir la estructura modular del monolito NestJS y sus límites de responsabilidad.,"Como equipo de backend, queremos definir una arquitectura modular para separar responsabilidades y facilitar el mantenimiento y evolución de la API.","Se definen módulos auth, clinics, users, patients, exams, exam-versions, storage y audit | Se documentan dependencias permitidas entre módulos",EP01,P0,3,M,3,S1,API,Christopher Georgi,type:docs;area:api,Backlog,1,1,,
PB-007,Diseñar modelo PostgreSQL,Diseñar el modelo relacional central de la solución.,"Como equipo de desarrollo, queremos diseñar el modelo PostgreSQL para persistir de forma consistente la información central del sistema.","Incluye Clinic, User, UserClinic, Patient, PatientClinic, ExamType, Exam, ExamVersion, AuditLog y RefreshToken | Se definen claves primarias, foráneas e índices principales",EP02,P0,5,L,5,S1,DATABASE,Christopher Georgi,type:docs;area:database,Backlog,1,1,,
PB-008,Diseñar modelo SQLite,Diseñar el modelo local de la aplicación Android para caché y sincronización.,"Como equipo móvil, queremos diseñar el modelo SQLite para disponer de persistencia local y soporte de sincronización en Android.","Incluye local_patients, local_exams, local_exam_versions, sync_queue y sync_metadata | No se almacenan credenciales en SQLite",EP02,P1,3,M,3,S2,DATABASE,Astrid Coy;Christopher Georgi,type:docs;area:database,Backlog,1,2,,
PB-009,Crear proyecto Prisma,Configurar Prisma y materializar el esquema inicial de PostgreSQL.,"Como desarrollador backend, quiero configurar Prisma para gestionar el esquema, migraciones y acceso a PostgreSQL de forma consistente.",Prisma configurado | Conexión PostgreSQL operativa | Schema inicial creado | Primera migración ejecutable,EP02,P0,3,M,3,S1,DATABASE,Christopher Georgi,type:chore;area:database,Backlog,1,1,,
PB-010,Crear seed de desarrollo,Crear datos sintéticos reproducibles para desarrollo y demostración.,"Como equipo de desarrollo, queremos disponer de datos ficticios reproducibles para probar y demostrar el sistema sin utilizar información clínica real.",Crea al menos dos clínicas | Incluye usuarios de distintos roles | Incluye pacientes ficticios y tipos de examen | Puede ejecutarse más de una vez de forma controlada,EP02,P1,3,M,3,S2,DATABASE,Génesis Cortéz,type:chore;area:database,Backlog,2,2,,
PB-011,Crear monorepo,"Crear la estructura común de repositorio para API, Web, Mobile, paquetes, documentación e infraestructura.","Como equipo de desarrollo, queremos trabajar sobre un monorepo común para administrar de forma centralizada backend, web, móvil y paquetes compartidos.","Existen apps/api, apps/web, apps/mobile, packages, database, docs e infrastructure | Las dependencias se pueden instalar desde una clonación limpia",EP03,P0,3,M,3,S1,DEVOPS,Christopher Georgi,type:chore;area:devops,Backlog,1,1,,
PB-012,Configurar Docker Compose,Configurar los servicios locales necesarios para el desarrollo.,"Como desarrollador, quiero levantar las dependencias locales mediante Docker Compose para disponer de un entorno reproducible en todos los equipos.",docker compose up levanta PostgreSQL | docker compose up levanta MinIO | Los volúmenes persistentes están definidos,EP03,P0,3,M,3,S1,DEVOPS,Christopher Georgi,type:chore;area:devops,Backlog,1,1,,
PB-013,Configurar variables de entorno,Definir y documentar las variables de configuración del proyecto.,"Como equipo de desarrollo, queremos centralizar y documentar las variables de entorno para configurar el sistema sin exponer secretos en el repositorio.",Existe .env.example | No se versionan secretos | Las variables obligatorias están documentadas,EP03,P0,2,S,2,S1,DEVOPS,Christopher Georgi,type:chore;area:devops,Backlog,1,1,,
PB-014,Configurar GitHub Actions inicial,Crear el pipeline básico de integración continua.,"Como equipo de desarrollo, queremos ejecutar validaciones automáticas en cada cambio para detectar errores de compilación, estilo o tipado antes de integrar código.","En Pull Requests se ejecutan instalación, lint, typecheck y build | Un fallo del pipeline se refleja en el PR",EP03,P1,3,M,3,S1,DEVOPS,Christopher Georgi,type:chore;area:devops,Backlog,1,1,,
PB-015,Configurar entorno Railway,"Crear el entorno inicial desplegado para Web, API y PostgreSQL.","Como equipo de desarrollo, queremos disponer de un entorno desplegado en Railway para integrar y validar continuamente la solución.",API accesible en Railway | Web accesible | PostgreSQL conectado | Variables de entorno configuradas,EP03,P1,3,M,3,S2,DEVOPS,Christopher Georgi,type:chore;area:devops,Backlog,1,2,,
PB-016,Implementar creación de usuarios,Implementar creación controlada de usuarios y asociación a roles y clínicas.,"Como administrador de clínica, quiero crear usuarios y asignarles un rol para habilitar el acceso controlado al sistema.",Contraseña se almacena con hash seguro | Se asigna rol válido | Se asocia a clínica cuando corresponde | No se permite email duplicado,EP04,P0,3,M,3,S2,API,Génesis Cortéz;Christopher Georgi,type:feature;area:api,Backlog,2,2,,
PB-017,Implementar login,Permitir que usuarios registrados inicien sesión con correo y contraseña.,"Como usuario registrado, quiero iniciar sesión con mi correo y contraseña para acceder a las funcionalidades permitidas por mi perfil.",Credenciales correctas generan JWT | Credenciales incorrectas son rechazadas | Usuario inactivo no puede autenticarse | Existe manejo de errores consistente,EP04,P0,5,L,5,S2,SECURITY,Christopher Georgi,type:feature;area:security,Backlog,2,2,,
PB-018,Implementar refresh token,Permitir renovación segura del token de acceso.,"Como usuario autenticado, quiero renovar mi sesión de forma segura para continuar utilizando el sistema sin iniciar sesión repetidamente.",El access token puede renovarse con refresh token válido | Refresh token puede revocarse | Logout invalida la sesión,EP04,P1,3,M,3,S2,SECURITY,Christopher Georgi,type:feature;area:security,Backlog,2,2,,
PB-019,Implementar RBAC,Aplicar autorización basada en roles para las rutas y operaciones del sistema.,"Como administrador, quiero que las funcionalidades estén restringidas por rol para que cada usuario acceda solo a las acciones que le corresponden.",Permisos diferenciados para los cuatro roles | Rutas restringidas rechazan usuarios sin permiso | Los permisos se verifican en backend,EP04,P0,5,L,5,S2,SECURITY,Christopher Georgi;Génesis Cortéz,type:feature;area:security,Backlog,2,2,,
PB-020,Implementar contexto multitenant,Resolver el tenant desde el contexto autenticado y propagarlo a las operaciones de negocio.,"Como usuario de una clínica, quiero que todas mis operaciones se ejecuten dentro del contexto de mi clínica para evitar el acceso a información de otros tenants.",La clínica se obtiene desde una relación autorizada | No se confía en clinic_id arbitrario enviado por el cliente | Los servicios reciben tenant explícito,EP04,P0,5,L,5,S2,SECURITY,Christopher Georgi,type:feature;area:security,Backlog,2,2,,
PB-021,Crear pruebas cross-tenant,Verificar automáticamente el aislamiento de datos entre clínicas.,"Como responsable de seguridad, quiero comprobar mediante pruebas automáticas que una clínica no pueda acceder a recursos de otra para validar el aislamiento multitenant.",Clínica A no puede acceder a pacientes de B | Clínica A no puede acceder a exámenes de B | Clínica A no puede descargar archivos de B,EP04,P0,5,L,5,S2,TESTING,Christopher Georgi,type:test;area:testing,Backlog,2,2,,
PB-022,API crear paciente,Implementar endpoint para registrar pacientes dentro del tenant autorizado.,"Como administrador de clínica, quiero registrar un paciente para incorporar su información básica al sistema.",Valida datos obligatorios | Asocia el paciente a la clínica correcta | Rechaza creación sin permisos,EP05,P0,3,M,3,S3,API,Génesis Cortéz,type:feature;area:api,Backlog,3,3,,
PB-023,API listar pacientes,Implementar listado paginado de pacientes de la clínica activa.,"Como profesional clínico, quiero listar los pacientes de mi clínica para localizar rápidamente a la persona que necesito atender.",Filtra por tenant | Incluye paginación | No expone pacientes de otras clínicas,EP05,P0,3,M,3,S3,API,Génesis Cortéz,type:feature;area:api,Backlog,3,3,,
PB-024,API obtener paciente,Implementar consulta de detalle de paciente.,"Como profesional clínico, quiero consultar la ficha de un paciente para revisar su información antes de gestionar sus documentos.",Devuelve paciente autorizado | Retorna 404/403 según política cuando no existe o no corresponde al tenant,EP05,P0,2,S,2,S3,API,Génesis Cortéz,type:feature;area:api,Backlog,3,3,,
PB-025,API actualizar paciente,Permitir actualizar los datos administrativos permitidos de un paciente.,"Como administrador de clínica, quiero actualizar los datos permitidos de un paciente para mantener su información vigente.",Solo modifica campos permitidos | Aplica tenant y permisos | Registra updated_at,EP05,P1,3,M,3,S3,API,Génesis Cortéz,type:feature;area:api,Backlog,3,3,,
PB-026,Web listado de pacientes,Construir la pantalla web de listado y búsqueda de pacientes.,"Como profesional clínico, quiero visualizar y buscar pacientes desde la web para acceder rápidamente a sus fichas.",Muestra listado | Incluye loading y error state | Permite búsqueda | Permite acceder al detalle,EP05,P0,5,L,5,S3,WEB,Andrés Guarumo,type:feature;area:web,Backlog,3,3,,
PB-027,Web creación y edición de paciente,Construir formularios para crear y editar pacientes.,"Como administrador de clínica, quiero crear y editar pacientes desde la web para administrar sus datos sin utilizar herramientas técnicas.",Valida campos en cliente | Muestra errores de API | Actualiza el listado al guardar,EP05,P1,5,L,5,S3,WEB,Andrés Guarumo,type:feature;area:web,Backlog,3,3,,
PB-028,Web ficha de paciente,Crear vista de detalle del paciente como punto de entrada a su información documental.,"Como profesional clínico, quiero acceder a una ficha consolidada del paciente para consultar su información y sus exámenes asociados.",Muestra datos principales | Incluye acceso a exámenes/timeline | Respeta estados de carga y error,EP05,P0,3,M,3,S3,WEB,Andrés Guarumo,type:feature;area:web,Backlog,3,3,,
PB-029,Crear catálogo de tipos de examen,Crear catálogo inicial de tipos documentales médicos.,"Como administrador de clínica, quiero disponer de un catálogo de tipos de examen para clasificar de forma consistente los documentos médicos.","Incluye Laboratorio, Imagenología, Informe médico, Derivación, Evaluación funcional y Otro | Los tipos pueden ser consultados desde la API",EP06,P0,2,S,2,S4,DATABASE,Génesis Cortéz,type:feature;area:database,Backlog,4,4,,
PB-030,API crear examen,Implementar registro de metadatos de un examen para un paciente autorizado.,"Como profesional clínico, quiero registrar un examen médico asociado a un paciente para incorporarlo a su historial documental.","Registra paciente, tipo, título y fecha | Permite profesional y notas opcionales | Aplica tenant y permisos",EP06,P0,5,L,5,S4,API,Christopher Georgi,type:feature;area:api,Backlog,4,4,,
PB-031,API listar exámenes de paciente,Implementar listado de exámenes asociados a un paciente.,"Como profesional clínico, quiero listar los exámenes de un paciente para revisar su historial documental.",Solo devuelve exámenes del tenant | Excluye borrados lógicamente | Permite paginación,EP06,P0,3,M,3,S4,API,Christopher Georgi,type:feature;area:api,Backlog,4,4,,
PB-032,API obtener detalle de examen,Implementar endpoint de detalle de examen.,"Como profesional clínico, quiero consultar el detalle de un examen para revisar sus metadatos y documento asociado.",Devuelve metadatos autorizados | Incluye versión actual | No expone información cross-tenant,EP06,P0,2,S,2,S4,API,Christopher Georgi,type:feature;area:api,Backlog,4,4,,
PB-033,API actualizar metadatos de examen,Permitir modificar metadatos no documentales del examen.,"Como profesional clínico, quiero actualizar los metadatos permitidos de un examen para corregir o completar su información.",Actualiza solo campos permitidos | No altera versiones de archivo | Valida permisos,EP06,P1,3,M,3,S4,API,Christopher Georgi,type:feature;area:api,Backlog,4,4,,
PB-034,Crear StorageService,Crear una abstracción para almacenamiento de objetos independiente del proveedor.,"Como desarrollador, quiero abstraer el almacenamiento mediante StorageService para poder cambiar de proveedor sin modificar la lógica de negocio.","Expone upload, download, delete y exists | La lógica de negocio no depende directamente de MinIO",EP07,P0,5,L,5,S4,API,Christopher Georgi,type:feature;area:api,Backlog,4,4,,
PB-035,Implementar adapter S3/MinIO,Implementar StorageService sobre API compatible con S3.,"Como desarrollador, quiero utilizar un adaptador compatible con S3 y MinIO para almacenar documentos de forma desacoplada y reproducible.",Permite subir y recuperar objetos | Utiliza claves con alcance por clínica/paciente | Errores del proveedor se manejan correctamente,EP07,P0,5,L,5,S4,API,Christopher Georgi,type:feature;area:api,Backlog,4,4,,
PB-036,Implementar carga multipart,Implementar endpoint multipart para carga de archivos asociados a exámenes.,"Como usuario autorizado, quiero cargar archivos mediante la API para asociar documentos médicos a un examen.",Recibe multipart/form-data | Crea ExamVersion | Persiste metadatos del archivo y storage key,EP07,P0,5,L,5,S4,API,Christopher Georgi,type:feature;area:api,Backlog,4,4,,
PB-037,Validar tipo MIME,Restringir la carga a formatos documentales permitidos.,"Como responsable de seguridad, quiero validar el tipo MIME de los archivos para impedir la carga de formatos no permitidos.","Acepta PDF, JPEG y PNG | Rechaza tipos no permitidos | No se basa únicamente en la extensión",EP07,P0,3,M,3,S4,SECURITY,Christopher Georgi,type:feature;area:security,Backlog,4,4,,
PB-038,Validar tamaño máximo,Limitar el tamaño de archivos cargados.,"Como responsable de seguridad, quiero limitar el tamaño de los archivos para evitar cargas excesivas o abusivas.",Rechaza archivos sobre 10 MB | Entrega error comprensible al cliente,EP07,P0,2,S,2,S4,SECURITY,Christopher Georgi,type:feature;area:security,Backlog,4,4,,
PB-039,Calcular checksum SHA-256,Calcular y persistir SHA-256 para cada versión documental.,"Como responsable de integridad documental, quiero calcular un checksum SHA-256 para cada archivo para poder verificar que su contenido no ha sido alterado.",Checksum se genera durante la carga | Se almacena en ExamVersion | El valor tiene formato hexadecimal consistente,EP07,P1,2,S,2,S4,SECURITY,Christopher Georgi,type:feature;area:security,Backlog,4,4,,
PB-040,Web formulario de carga,Crear formulario web para registrar metadatos y adjuntar documento.,"Como profesional clínico, quiero cargar un examen desde la web mediante un formulario para incorporar documentos al historial de un paciente.",Permite seleccionar archivo válido | Muestra validaciones y progreso/estado | Refresca la vista al finalizar,EP07,P0,5,L,5,S4,WEB,Andrés Guarumo,type:feature;area:web,Backlog,4,4,,
PB-041,Descargar documento desde web,Permitir descarga autorizada del archivo asociado a un examen.,"Como profesional clínico, quiero descargar un documento autorizado desde la web para revisarlo fuera de la plataforma cuando sea necesario.",Usuario autorizado puede descargar | Acceso no autorizado es rechazado | Se conserva nombre/MIME adecuados,EP07,P0,3,M,3,S4,WEB,Andrés Guarumo;Christopher Georgi,type:feature;area:web,Backlog,4,4,,
PB-042,Visualizar PDF o imagen desde web,Permitir previsualizar documentos compatibles desde la aplicación web.,"Como profesional clínico, quiero visualizar PDF e imágenes desde la web para revisar exámenes sin descargarlos previamente.",PDF se puede visualizar | JPEG/PNG se pueden visualizar | Existe alternativa de descarga,EP07,P0,5,L,5,S4,WEB,Andrés Guarumo,type:feature;area:web,Backlog,4,4,,
PB-043,Crear endpoint de timeline,Exponer los exámenes de un paciente en una estructura adecuada para timeline.,"Como profesional clínico, quiero obtener el historial cronológico de exámenes mediante la API para visualizar la evolución documental del paciente.",Devuelve resultados cronológicos | Aplica tenant y permisos | Incluye metadatos requeridos por la Web,EP08,P0,3,M,3,S4,API,Christopher Georgi,type:feature;area:api,Backlog,4,4,,
PB-044,Crear interfaz timeline,Construir la línea de tiempo documental del paciente.,"Como profesional clínico, quiero visualizar los exámenes en una línea de tiempo para comprender rápidamente el historial documental del paciente.","Muestra fecha, tipo, título y profesional | Permite acceder al detalle | Incluye estados de carga y vacío",EP08,P0,5,L,5,S5,WEB,Andrés Guarumo,type:feature;area:web,Backlog,4,5,,
PB-045,Ordenar timeline cronológicamente,Asegurar un orden cronológico consistente de los documentos.,"Como profesional clínico, quiero ver el timeline ordenado cronológicamente para interpretar correctamente la secuencia de documentos.",Orden definido y documentado | El orden se conserva al refrescar datos,EP08,P0,2,S,2,S5,WEB,Andrés Guarumo,type:feature;area:web,Backlog,5,5,,
PB-046,Filtrar timeline por tipo,Permitir filtrar el timeline por tipo de examen.,"Como profesional clínico, quiero filtrar la línea de tiempo por tipo de examen para encontrar documentos relevantes con mayor rapidez.",Filtro utiliza catálogo disponible | Puede limpiarse y volver a mostrar todos los registros,EP08,P1,2,S,2,S6,WEB,Andrés Guarumo,type:feature;area:web,Backlog,6,6,,
PB-047,Filtrar timeline por fechas,Permitir filtrar documentos por rango de fechas.,"Como profesional clínico, quiero filtrar la línea de tiempo por rango de fechas para acotar la búsqueda a un período determinado.",Valida rango | Actualiza resultados | Permite limpiar filtro,EP08,P1,2,S,2,S6,WEB,Andrés Guarumo,type:feature;area:web,Backlog,6,6,,
PB-048,Crear proyecto React Native y Expo,"Inicializar la aplicación móvil Android con React Native, Expo y TypeScript.","Como equipo móvil, queremos disponer de una aplicación base en React Native y Expo para desarrollar el cliente Android del paciente.",Proyecto ejecuta en Android | TypeScript configurado | Variables de entorno de API definidas,EP09,P0,3,M,3,S3,MOBILE,Astrid Coy,type:chore;area:mobile,Backlog,3,3,,
PB-049,Crear navegación móvil,Configurar navegación principal de la aplicación.,"Como paciente, quiero navegar entre las pantallas principales de la aplicación para acceder fácilmente a mis exámenes y acciones disponibles.","Existen pantallas Login, Inicio, Mis Exámenes, Detalle y Nuevo Examen | Navegación respeta sesión",EP09,P0,3,M,3,S3,MOBILE,Astrid Coy,type:feature;area:mobile,Backlog,3,3,,
PB-050,Implementar login Android,Permitir autenticarse desde Android usando la API.,"Como paciente, quiero iniciar sesión desde Android para acceder de forma segura a mis documentos médicos.",Login consume backend | Muestra errores de credenciales | Redirige al inicio tras éxito,EP09,P0,5,L,5,S3,MOBILE,Astrid Coy,type:feature;area:mobile,Backlog,3,3,,
PB-051,Implementar almacenamiento seguro de sesión,Persistir credenciales de sesión mediante almacenamiento seguro del sistema operativo.,"Como paciente, quiero que mi sesión se almacene de forma segura en el dispositivo para mantener mi autenticación sin exponer credenciales sensibles.",Token no se guarda en SQLite | Sesión puede restaurarse | Logout elimina credenciales locales,EP09,P0,3,M,3,S3,SECURITY,Astrid Coy,type:feature;area:security,Backlog,3,3,,
PB-052,Configurar SQLite,Inicializar SQLite y el esquema local versionado.,"Como equipo móvil, queremos disponer de SQLite en Android para almacenar localmente metadatos y soportar la sincronización.",BD se crea automáticamente | Tablas locales existen | Se contempla migración/versionado del esquema,EP09,P1,3,M,3,S4,MOBILE,Astrid Coy,type:feature;area:mobile,Backlog,4,4,,
PB-053,Listar exámenes en Android,Mostrar los exámenes propios del paciente autenticado.,"Como paciente, quiero listar mis exámenes desde Android para consultar mis documentos médicos desde el teléfono.","Consume API | Muestra loading, vacío y error | Permite abrir detalle",EP09,P0,5,L,5,S5,MOBILE,Astrid Coy,type:feature;area:mobile,Backlog,5,5,,
PB-054,Mostrar detalle de examen Android,Crear pantalla móvil de detalle documental.,"Como paciente, quiero visualizar el detalle de un examen desde Android para revisar su información antes de abrir el documento.",Muestra metadatos principales | Permite acceder a visualizar/descargar,EP09,P0,3,M,3,S5,MOBILE,Astrid Coy,type:feature;area:mobile,Backlog,5,5,,
PB-055,Seleccionar documento desde Android,Permitir seleccionar archivos soportados desde el dispositivo.,"Como paciente, quiero seleccionar un PDF o imagen desde mi dispositivo para adjuntarlo como examen médico.","Permite PDF, JPG y PNG | Muestra archivo seleccionado | Maneja cancelación del selector",EP09,P0,3,M,3,S5,MOBILE,Astrid Coy,type:feature;area:mobile,Backlog,5,5,,
PB-056,Subir examen desde Android,Permitir registrar y cargar un examen desde la aplicación Android.,"Como paciente, quiero subir un examen desde Android para compartirlo con los profesionales de mi clínica.",Envía metadatos y archivo | Muestra estado de carga | Maneja errores | El examen aparece posteriormente en el listado,EP09,P0,8,XL,8,S5,MOBILE,Astrid Coy;Christopher Georgi,type:feature;area:mobile,Backlog,5,5,,
PB-057,Descargar o visualizar documento Android,Permitir al paciente abrir o descargar un documento autorizado.,"Como paciente, quiero descargar o visualizar mis documentos desde Android para consultar mis antecedentes cuando los necesite.",Soporta PDF e imagen | Maneja permisos/errores | El acceso utiliza endpoint protegido,EP09,P1,5,L,5,S5,MOBILE,Astrid Coy,type:feature;area:mobile,Backlog,5,5,,
PB-058,Cachear pacientes y exámenes en SQLite,Persistir localmente los metadatos necesarios para mostrar datos previamente sincronizados.,"Como paciente, quiero disponer de una copia local de mis metadatos recientes para consultar información aunque la conexión sea intermitente.",Datos recibidos se guardan en SQLite | La app puede mostrar caché disponible | No se guardan archivos como BLOB,EP10,P1,5,L,5,S5,MOBILE,Astrid Coy,type:feature;area:mobile,Backlog,5,5,,
PB-059,Refrescar caché desde API,Sincronizar la caché local con los datos actuales de la API.,"Como paciente, quiero que la aplicación actualice su caché desde la API para disponer de información reciente cuando exista conexión.",Refresco actualiza registros locales | Elimina o marca datos obsoletos según estrategia definida | UI refleja datos actualizados,EP10,P1,3,M,3,S5,MOBILE,Astrid Coy,type:feature;area:mobile,Backlog,5,5,,
PB-060,Crear sync_queue,Crear estructura local para registrar operaciones pendientes.,"Como equipo móvil, queremos registrar operaciones pendientes en una cola local para administrar acciones que no pudieron sincronizarse inmediatamente.","Tabla sync_queue creada | Estados PENDING, PROCESSING, FAILED y COMPLETED soportados | Se guarda retry_count y último error",EP10,P2,3,M,3,S5,MOBILE,Astrid Coy,type:feature;area:mobile,Backlog,5,5,,
PB-061,Registrar carga pendiente sin conexión,Permitir registrar localmente una carga cuando no existe conexión.,"Como paciente, quiero que una carga realizada sin conexión quede pendiente para no perder la operación cuando la red no esté disponible.",La operación queda PENDING | Se conserva referencia local al archivo | No se reporta como subida exitosa hasta sincronizar,EP10,P2,5,L,5,S6,MOBILE,Astrid Coy;Christopher Georgi,type:feature;area:mobile,Backlog,5,6,,
PB-062,Reintentar operación pendiente,Procesar cargas pendientes cuando la aplicación recupera conectividad.,"Como paciente, quiero que las operaciones pendientes puedan reintentarse al recuperar conexión para completar la sincronización con el servidor.",Reintenta pendientes | Actualiza estado y retry_count | Evita duplicar una carga completada,EP10,P2,5,L,5,S6,MOBILE,Astrid Coy,type:feature;area:mobile,Backlog,6,6,,
PB-063,API nueva versión de examen,Permitir cargar una nueva versión de un examen existente.,"Como profesional clínico, quiero cargar una nueva versión de un examen para actualizar el documento sin perder las versiones anteriores.",Crea ExamVersion nueva | Mantiene versiones anteriores | Aplica permisos y tenant,EP11,P0,5,L,5,S6,API,Christopher Georgi,type:feature;area:api,Backlog,6,6,,
PB-064,Numerar versiones automáticamente,Asignar un número incremental único por examen.,"Como profesional clínico, quiero que las versiones se numeren automáticamente para identificar claramente la secuencia de cambios.",Versión inicial e incrementos son consistentes | Existe restricción para evitar duplicados,EP11,P0,2,S,2,S6,API,Christopher Georgi,type:feature;area:api,Backlog,6,6,,
PB-065,API historial de versiones,Exponer el historial de versiones de un examen.,"Como profesional clínico, quiero consultar el historial de versiones de un examen para conocer los documentos que han existido previamente.",Lista todas las versiones autorizadas | Orden consistente | Incluye metadatos de archivo,EP11,P1,3,M,3,S6,API,Christopher Georgi,type:feature;area:api,Backlog,6,6,,
PB-066,Web historial de versiones,Mostrar las versiones de un examen desde la aplicación web.,"Como profesional clínico, quiero visualizar el historial de versiones desde la web para acceder fácilmente a versiones anteriores.","Muestra número, fecha, archivo y usuario | Permite seleccionar una versión",EP11,P1,5,L,5,S6,WEB,Andrés Guarumo,type:feature;area:web,Backlog,6,6,,
PB-067,Descargar versión anterior,Permitir acceder a archivos de versiones históricas.,"Como profesional clínico, quiero descargar una versión anterior de un examen para revisar su contenido histórico.",La versión solicitada es descargable por usuario autorizado | No se modifica la versión actual,EP11,P1,3,M,3,S6,WEB,Andrés Guarumo;Christopher Georgi,type:feature;area:web,Backlog,6,6,,
PB-068,Implementar soft delete de examen,Implementar borrado lógico de exámenes.,"Como usuario autorizado, quiero eliminar lógicamente un examen para retirarlo de la operación habitual sin destruir su trazabilidad.",Se informa deleted_at | No se elimina físicamente el archivo | Solo roles autorizados pueden eliminar,EP12,P0,3,M,3,S6,API,Génesis Cortéz,type:feature;area:api,Backlog,6,6,,
PB-069,Excluir eliminados de consultas normales,Evitar que exámenes eliminados lógicamente aparezcan en consultas operativas.,"Como usuario del sistema, quiero que los exámenes eliminados no aparezcan en consultas normales para evitar trabajar con información retirada.",Listados normales omiten eliminados | Acceso directo respeta la política definida,EP12,P0,2,S,2,S6,API,Génesis Cortéz,type:feature;area:api,Backlog,6,6,,
PB-070,Registrar usuario y fecha de eliminación,Mantener trazabilidad del borrado lógico.,"Como administrador de clínica, quiero conocer quién eliminó un examen y cuándo lo hizo para mantener trazabilidad de la operación.",Se registra deleted_by | Se registra deleted_at | Datos se conservan para auditoría,EP12,P1,2,S,2,S6,API,Génesis Cortéz,type:feature;area:api,Backlog,6,6,,
PB-071,Diseñar servicio de auditoría,Crear un servicio común para registrar eventos auditables.,"Como administrador de clínica, quiero que las acciones relevantes puedan registrarse mediante un servicio de auditoría común para mantener trazabilidad consistente.","Define estructura estándar de evento | Incluye actor, clínica, recurso, acción y fecha | Puede guardar metadata adicional",EP13,P0,3,M,3,S7,API,Génesis Cortéz;Christopher Georgi,type:feature;area:api,Backlog,7,7,,
PB-072,Auditar creación de examen,Registrar eventos de creación documental.,"Como administrador de clínica, quiero registrar la creación de exámenes para saber quién incorporó cada documento al sistema.","Crear examen genera evento de auditoría | Evento referencia actor, paciente y examen",EP13,P0,2,S,2,S7,SECURITY,Génesis Cortéz,type:feature;area:security,Backlog,7,7,,
PB-073,Auditar visualización,Registrar acceso de visualización a documentos.,"Como administrador de clínica, quiero registrar la visualización de documentos para conocer los accesos realizados a información sensible.",Visualización autorizada genera evento | No registra contenido sensible innecesario,EP13,P0,2,S,2,S7,SECURITY,Génesis Cortéz,type:feature;area:security,Backlog,7,7,,
PB-074,Auditar descarga,Registrar descargas de documentos.,"Como administrador de clínica, quiero registrar las descargas de documentos para mantener trazabilidad sobre el acceso a los archivos.",Descarga genera evento | Evento referencia versión descargada,EP13,P0,2,S,2,S7,SECURITY,Génesis Cortéz,type:feature;area:security,Backlog,7,7,,
PB-075,Auditar nueva versión,Registrar creación de una nueva versión documental.,"Como administrador de clínica, quiero registrar la creación de nuevas versiones para conocer la evolución de los documentos.",Nueva versión genera evento | Evento identifica examen y versión,EP13,P0,2,S,2,S7,SECURITY,Génesis Cortéz,type:feature;area:security,Backlog,7,7,,
PB-076,Auditar eliminación,Registrar operaciones de borrado lógico.,"Como administrador de clínica, quiero registrar las eliminaciones lógicas para conocer quién retiró información de la operación habitual.",Eliminación genera evento | Evento identifica actor y examen,EP13,P0,2,S,2,S7,SECURITY,Génesis Cortéz,type:feature;area:security,Backlog,7,7,,
PB-077,API consultar auditoría,Permitir a usuarios autorizados consultar eventos de su clínica.,"Como administrador de clínica, quiero consultar los registros de auditoría mediante la API para revisar la actividad de mi clínica.",Filtra por tenant | Soporta paginación | Permite filtros básicos por acción/fecha,EP13,P1,3,M,3,S7,API,Génesis Cortéz,type:feature;area:api,Backlog,7,7,,
PB-078,Panel web de auditoría,Crear pantalla administrativa para revisar la trazabilidad de operaciones.,"Como administrador de clínica, quiero visualizar la auditoría desde un panel web para revisar acciones y accesos sin utilizar herramientas técnicas.","Muestra eventos paginados | Incluye actor, acción, recurso y fecha | Permite filtros básicos",EP13,P1,5,L,5,S7,WEB,Génesis Cortéz;Andrés Guarumo,type:feature;area:web,Backlog,7,7,,
PB-079,Pruebas unitarias Auth,Crear pruebas automatizadas para autenticación y autorización básica.,"Como equipo de desarrollo, queremos disponer de pruebas unitarias de autenticación para detectar regresiones en los mecanismos de acceso.",Cubre login exitoso y fallido | Cubre usuario inactivo | Cubre permisos básicos,EP14,P0,3,M,3,S2,TESTING,Christopher Georgi;Génesis Cortéz,type:test;area:testing,Backlog,2,2,,
PB-080,Pruebas multitenant,Ampliar pruebas de aislamiento multitenant sobre módulos implementados.,"Como equipo de desarrollo, queremos probar el aislamiento multitenant para evitar fugas de información entre clínicas.",Cubre lectura y escritura cross-tenant | Los escenarios fallan antes de la corrección y pasan después,EP14,P0,5,L,5,S3,TESTING,Christopher Georgi,type:test;area:testing,Backlog,2,3,,
PB-081,Pruebas API pacientes,Crear pruebas de integración del módulo de pacientes.,"Como equipo de desarrollo, queremos probar la API de pacientes para verificar sus operaciones y permisos.","Cubre crear, listar, obtener y actualizar | Cubre permisos y tenant",EP14,P1,3,M,3,S3,TESTING,Génesis Cortéz,type:test;area:testing,Backlog,3,3,,
PB-082,Pruebas API exámenes,Crear pruebas de integración del módulo de exámenes.,"Como equipo de desarrollo, queremos probar la API de exámenes para verificar la creación, consulta y protección de documentos.","Cubre crear, listar, detalle y actualización | Cubre permisos y tenant",EP14,P0,3,M,3,S4,TESTING,Christopher Georgi,type:test;area:testing,Backlog,4,4,,
PB-083,Pruebas StorageService,Verificar la abstracción de almacenamiento y su integración.,"Como equipo de desarrollo, queremos probar StorageService para verificar que las operaciones de almacenamiento funcionan de forma independiente del proveedor.",Cubre upload y download | Cubre errores principales | No depende de recursos productivos,EP14,P1,3,M,3,S4,TESTING,Christopher Georgi,type:test;area:testing,Backlog,4,4,,
PB-084,Pruebas de upload inválido,Verificar rechazo de archivos no válidos o no autorizados.,"Como responsable de seguridad, quiero verificar que cargas inválidas sean rechazadas para impedir archivos no permitidos o accesos no autorizados.",Rechaza MIME incorrecto | Rechaza archivo sobre 10 MB | Rechaza usuario sin autorización,EP14,P0,3,M,3,S4,TESTING,Christopher Georgi,type:test;area:testing,Backlog,4,4,,
PB-085,Pruebas versionamiento,Verificar creación y recuperación de versiones documentales.,"Como equipo de desarrollo, queremos probar el versionamiento para asegurar que las nuevas versiones no sobrescriban ni pierdan el historial anterior.",Conserva versiones anteriores | Numeración es consistente | Respeta permisos,EP14,P1,3,M,3,S6,TESTING,Christopher Georgi;Andrés Guarumo,type:test;area:testing,Backlog,6,6,,
PB-086,Pruebas auditoría,Verificar que operaciones críticas generan eventos de auditoría.,"Como equipo de desarrollo, queremos probar la auditoría para asegurar que las acciones críticas generen registros correctos.","Cubre create, view, download, new version y delete | Los eventos contienen referencias esperadas",EP14,P1,3,M,3,S7,TESTING,Génesis Cortéz,type:test;area:testing,Backlog,7,7,,
PB-087,Prueba E2E flujo principal,Validar de extremo a extremo el flujo principal del producto.,"Como equipo de desarrollo, queremos validar de extremo a extremo el flujo principal para comprobar que los componentes integrados permiten cargar y consultar un examen correctamente.",Login de paciente | Carga examen | Persistencia en API/storage/BD | Consulta por profesional | Descarga y auditoría verificadas,EP14,P0,8,XL,8,S8,TESTING,Christopher Georgi;Andrés Guarumo;Astrid Coy;Génesis Cortéz,type:test;area:testing,Backlog,8,8,,
PB-088,Prueba E2E aislamiento multitenant,Validar a nivel E2E que una clínica no acceda a recursos de otra.,"Como responsable de seguridad, quiero validar de extremo a extremo el aislamiento multitenant para demostrar que no existe acceso cruzado entre clínicas.",Se prueban al menos dos tenants | Intentos de acceso cruzado son rechazados | No se filtra metadata privada,EP14,P0,5,L,5,S8,TESTING,Christopher Georgi;Andrés Guarumo;Astrid Coy;Génesis Cortéz,type:test;area:testing,Backlog,8,8,,
PB-089,Ejecutar tests en GitHub Actions,Integrar ejecución de pruebas automáticas en CI.,"Como equipo de desarrollo, queremos ejecutar los tests automáticamente en GitHub Actions para detectar fallos antes de integrar cambios.",Tests se ejecutan en Pull Requests | Fallo de tests marca el workflow como fallido,EP15,P0,3,M,3,S3,DEVOPS,Christopher Georgi,type:chore;area:devops,Backlog,2,3,,
PB-090,Bloquear merge si falla CI,Configurar protección de rama para impedir integrar cambios con checks fallidos.,"Como equipo de desarrollo, queremos impedir merges cuando falle la integración continua para evitar incorporar código que rompa el sistema.",Branch protection requiere checks definidos | El equipo conoce el flujo de excepción si aplica,EP15,P1,2,S,2,S3,DEVOPS,Christopher Georgi,type:chore;area:devops,Backlog,3,3,,
PB-091,Automatizar deploy backend,Configurar despliegue automático del backend al entorno definido.,"Como equipo de desarrollo, queremos automatizar el despliegue del backend para disponer de una versión integrada y actualizada del servicio.",Merge a rama objetivo despliega API | Variables secretas no se exponen | Deploy fallido es visible,EP15,P1,3,M,3,S4,DEVOPS,Christopher Georgi,type:chore;area:devops,Backlog,4,4,,
PB-092,Automatizar deploy web,Configurar despliegue automático de la aplicación web.,"Como equipo de desarrollo, queremos automatizar el despliegue de la web para mantener el entorno de demostración actualizado.",Merge a rama objetivo despliega Web | La Web apunta a la API correcta,EP15,P1,3,M,3,S4,DEVOPS,Christopher Georgi,type:chore;area:devops,Backlog,4,4,,
PB-093,Configurar entorno de producción,Consolidar configuración del entorno de demostración/producción académica.,"Como equipo de desarrollo, queremos configurar un entorno de producción académico para validar y demostrar la solución integrada.","API, Web y PostgreSQL operativos | Variables y dominios documentados | No usa datos médicos reales",EP15,P0,3,M,3,S5,DEVOPS,Christopher Georgi,type:chore;area:devops,Backlog,5,5,,
PB-094,Configurar Swagger OpenAPI desplegado,Exponer documentación OpenAPI actualizada del backend.,"Como desarrollador, quiero disponer de Swagger/OpenAPI en el entorno desplegado para consultar y validar el contrato de la API.",Swagger accesible en entorno definido | Endpoints principales documentados | Esquemas reflejan DTOs reales,EP15,P1,3,M,3,S5,DEVOPS,Christopher Georgi,type:docs;area:devops,Backlog,5,5,,
PB-095,Crear GitHub Project,Crear el tablero de gestión del proyecto y vincularlo al repositorio.,"Como equipo de desarrollo, queremos disponer de un GitHub Project para organizar y visualizar el avance del trabajo.",Project creado | Repositorio configurado como default | Acceso del equipo configurado,EP16,P0,2,S,2,S1,DOCS,Christopher Georgi;Andrés Guarumo;Astrid Coy;Génesis Cortéz,type:chore;area:docs,Backlog,1,1,,
PB-096,Crear campos del tablero,Configurar los campos necesarios para priorizar y seguir el backlog.,"Como equipo de desarrollo, queremos configurar campos de planificación en el tablero para ordenar las tareas por estado, prioridad, sprint, estimación y área.","Existen Status, Priority, Epic, Sprint, Story Points y Area | Las opciones definidas son consistentes con el backlog",EP16,P0,2,S,2,S1,DOCS,Christopher Georgi;Andrés Guarumo;Astrid Coy;Génesis Cortéz,type:chore;area:docs,Backlog,1,1,,
PB-097,Cargar Product Backlog,Registrar el Product Backlog en GitHub Issues y asociarlo al Project.,"Como equipo de desarrollo, queremos cargar el Product Backlog en GitHub Projects para gestionar las actividades desde una única fuente de trabajo.",Ítems cargados | Metadatos principales asignados | Issues vinculadas al repositorio correcto,EP16,P0,3,M,3,S1,DOCS,Christopher Georgi;Andrés Guarumo;Astrid Coy;Génesis Cortéz,type:chore;area:docs,Backlog,1,1,,
PB-098,Planificación semanal,Realizar planificación semanal y seleccionar el trabajo próximo.,"Como equipo de desarrollo, queremos planificar semanalmente el trabajo para seleccionar tareas alcanzables y coordinar responsabilidades.",Se revisa capacidad del equipo cada semana | Se seleccionan ítems Ready | Se actualizan responsables y prioridades,EP16,P0,,,,,DOCS,Christopher Georgi;Andrés Guarumo;Astrid Coy;Génesis Cortéz,type:chore;area:docs,Backlog,1,9,,
PB-099,Revisión semanal del avance,"Revisar avance, bloqueos y cumplimiento de objetivos de la semana.","Como equipo de desarrollo, queremos revisar semanalmente el avance para detectar bloqueos, desviaciones y tareas pendientes.",Se revisan ítems terminados y bloqueados | Se registran decisiones relevantes | Se ajusta planificación cuando corresponde,EP16,P0,,,,,DOCS,Christopher Georgi;Andrés Guarumo;Astrid Coy;Génesis Cortéz,type:chore;area:docs,Backlog,1,9,,
PB-100,Refinamiento del backlog,"Refinar historias futuras para mantenerlas pequeñas, comprensibles y estimadas.","Como equipo de desarrollo, queremos refinar periódicamente el backlog para mantener historias claras, priorizadas y realizables.",Historias próximas tienen criterios de aceptación | Ítems mayores a 8 SP se dividen | Prioridad y estimación se mantienen actualizadas,EP16,P1,,,,,DOCS,Christopher Georgi;Andrés Guarumo;Astrid Coy;Génesis Cortéz,type:chore;area:docs,Backlog,1,8,,
PB-101,Crear README principal,Crear documentación inicial del repositorio.,"Como integrante del proyecto, quiero disponer de un README principal para comprender rápidamente el propósito, estructura y forma de ejecutar la solución.",Describe propósito del proyecto | Incluye estructura general | Indica cómo comenzar el desarrollo,EP17,P1,3,M,3,S1,DOCS,Christopher Georgi;Andrés Guarumo;Astrid Coy;Génesis Cortéz,type:docs;area:docs,Backlog,1,1,,
PB-102,Documentar arquitectura,Mantener documentación arquitectónica alineada con la implementación.,"Como integrante del proyecto, quiero disponer de documentación de arquitectura para comprender las responsabilidades e interacción de los componentes.",Incluye diagramas actualizados | Describe componentes y decisiones principales | Refleja cambios relevantes durante el desarrollo,EP17,P0,5,L,5,S8,DOCS,Christopher Georgi;Andrés Guarumo;Astrid Coy;Génesis Cortéz,type:docs;area:docs,Backlog,1,8,,
PB-103,Documentar modelo de datos,Documentar modelos PostgreSQL y SQLite.,"Como integrante del proyecto, quiero disponer de documentación del modelo de datos para comprender las entidades, relaciones y persistencia de la solución.",ERD PostgreSQL disponible | Modelo SQLite documentado | Relaciones y propósito de tablas principales explicados,EP17,P0,3,M,3,S2,DOCS,Christopher Georgi;Astrid Coy,type:docs;area:docs,Backlog,1,2,,
PB-104,Documentar API,Mantener la documentación de endpoints y contratos del backend.,"Como desarrollador, quiero disponer de documentación actualizada de la API para integrar correctamente los distintos clientes.",OpenAPI actualizado | Errores y autenticación documentados | Endpoints críticos poseen ejemplos básicos,EP17,P1,3,M,3,S8,DOCS,Christopher Georgi,type:docs;area:docs,Backlog,4,8,,
PB-105,Documentar instalación local,Crear instrucciones reproducibles para ejecutar el proyecto localmente.,"Como desarrollador, quiero disponer de instrucciones de instalación local para levantar el proyecto de forma reproducible.",Incluye prerrequisitos | Incluye variables de entorno | Incluye Docker y comandos de desarrollo,EP17,P1,3,M,3,S5,DOCS,Christopher Georgi;Andrés Guarumo;Astrid Coy;Génesis Cortéz,type:docs;area:docs,Backlog,5,5,,
PB-106,Crear manual de usuario web,Documentar el uso de las principales funciones de la aplicación web.,"Como usuario de la aplicación web, quiero disponer de un manual de uso para comprender las principales funcionalidades del sistema.","Incluye login, pacientes, exámenes, versiones y auditoría según rol | Contiene capturas o ejemplos necesarios",EP17,P1,3,M,3,S9,DOCS,Andrés Guarumo,type:docs;area:docs,Backlog,8,9,,
PB-107,Crear manual de usuario Android,Documentar el uso de la aplicación Android.,"Como paciente, quiero disponer de un manual de la aplicación Android para conocer cómo consultar y cargar mis documentos.","Incluye login, listado, detalle, upload y descarga | Contiene capturas o ejemplos necesarios",EP17,P1,3,M,3,S9,DOCS,Astrid Coy,type:docs;area:docs,Backlog,8,9,,
PB-108,Crear manual de despliegue,Documentar cómo desplegar y configurar los servicios del sistema.,"Como equipo técnico, queremos disponer de un manual de despliegue para poder reproducir la publicación del sistema.",Incluye Railway y variables | Incluye migraciones/seed cuando corresponda | Incluye consideraciones de storage,EP17,P1,3,M,3,S8,DOCS,Christopher Georgi,type:docs;area:docs,Backlog,8,8,,
PB-109,Preparar datos de demostración,Preparar datos sintéticos consistentes para la demostración final.,"Como equipo de desarrollo, queremos disponer de datos ficticios de demostración para presentar los principales flujos sin utilizar información real.",No contiene datos médicos reales | Incluye dos clínicas y escenarios de aislamiento | Incluye exámenes representativos,EP18,P0,3,M,3,S8,DATABASE,Génesis Cortéz,type:chore;area:database,Backlog,8,8,,
PB-110,Ejecutar revisión funcional completa,Realizar una revisión integral del sistema antes del cierre.,"Como equipo de desarrollo, queremos revisar funcionalmente toda la solución para detectar inconsistencias antes de la entrega final.","Se recorre flujo web y Android | Se verifican roles, tenant y documentos | Se registran bugs detectados",EP18,P0,5,L,5,S8,TESTING,Christopher Georgi;Andrés Guarumo;Astrid Coy;Génesis Cortéz,type:test;area:testing,Backlog,8,8,,
PB-111,Corregir bugs críticos,Reservar capacidad para resolver defectos críticos encontrados durante estabilización.,"Como equipo de desarrollo, queremos corregir los errores críticos detectados para entregar una versión estable y demostrable.",No quedan bugs P0 abiertos | Los bugs corregidos se vuelven a probar | No se incorporan features nuevas durante feature freeze,EP18,P0,8,XL,8,S9,TESTING,Christopher Georgi;Andrés Guarumo;Astrid Coy;Génesis Cortéz,type:chore;area:testing,Backlog,8,9,,
PB-112,Generar backup PostgreSQL,Generar respaldo de la base de datos utilizada para la entrega.,"Como equipo técnico, queremos generar un respaldo de PostgreSQL para proteger los datos de demostración antes de la entrega.",Backup creado | Archivo almacenado en ubicación definida | Fecha y procedimiento documentados,EP18,P0,2,S,2,S9,DEVOPS,Christopher Georgi,type:chore;area:devops,Backlog,9,9,,
PB-113,Verificar procedimiento de restauración,Comprobar que el respaldo generado puede restaurarse.,"Como equipo técnico, queremos verificar el procedimiento de restauración para demostrar que el respaldo puede recuperarse correctamente.",Restauración se prueba en entorno controlado | Se documentan pasos y resultado,EP18,P1,2,S,2,S9,DEVOPS,Christopher Georgi;Génesis Cortéz,type:test;area:devops,Backlog,9,9,,
PB-114,Generar APK final,Generar el artefacto Android correspondiente a la versión final.,"Como equipo móvil, queremos generar el APK final para disponer de una versión instalable de la aplicación Android.",APK instalable | Versión identificable | Conecta al entorno de demostración correcto,EP18,P0,3,M,3,S9,MOBILE,Astrid Coy,type:chore;area:mobile,Backlog,9,9,,
PB-115,Crear release final,Crear una release identificable del proyecto en GitHub.,"Como equipo de desarrollo, queremos crear una release final versionada para identificar de forma reproducible la versión entregada del sistema.",Existe tag Git | Versiones Web/API/Mobile identificadas | Se adjunta o referencia APK y documentación relevante,EP18,P0,3,M,3,S9,DEVOPS,Christopher Georgi,type:chore;area:devops,Backlog,9,9,,
PB-116,Preparar evidencias del proyecto,Reunir evidencias técnicas y funcionales requeridas para la entrega académica.,"Como equipo de proyecto, queremos recopilar evidencias técnicas y funcionales para demostrar el cumplimiento del trabajo realizado.","Incluye capturas, arquitectura y ERD | Incluye pruebas y CI/CD | Incluye evidencia de Web, Android y base de datos",EP18,P0,5,L,5,S9,DOCS,Christopher Georgi;Andrés Guarumo;Astrid Coy;Génesis Cortéz,type:docs;area:docs,Backlog,9,9,,
PB-117,Preparar presentación final,Preparar presentación y guion de demostración final del proyecto.,"Como equipo de proyecto, queremos preparar la presentación final para comunicar el problema, la solución, la arquitectura y los resultados obtenidos.",Presentación terminada | Demo ensayada | Participación de los cuatro integrantes definida,EP18,P0,5,L,5,S9,DOCS,Christopher Georgi;Andrés Guarumo;Astrid Coy;Génesis Cortéz,type:docs;area:docs,Backlog,9,9,,
ST-001,Captura directa desde cámara,Permitir capturar una imagen directamente desde la cámara de Android como documento a cargar.,"Como paciente, quiero capturar una imagen directamente con la cámara para adjuntarla como documento sin buscar un archivo previamente guardado.",Puede abrir la cámara desde la app | La fotografía obtenida puede adjuntarse a un examen | Respeta permisos de Android,EP09,P3,3,M,3,,MOBILE,Astrid Coy,type:feature;area:mobile,Backlog,0,0,,
ST-002,Restaurar examen eliminado,Permitir restaurar administrativamente un examen eliminado lógicamente.,"Como administrador de clínica, quiero restaurar un examen eliminado lógicamente para recuperar información retirada por error.",Solo rol autorizado puede restaurar | Se limpia estado de borrado lógico | La acción queda auditada,EP12,P3,3,M,3,,API,Génesis Cortéz,type:feature;area:api,Backlog,0,0,,
ST-003,Exportar auditoría CSV,Permitir exportar a CSV los eventos de auditoría filtrados.,"Como administrador de clínica, quiero exportar la auditoría a CSV para analizar o respaldar los registros fuera de la plataforma.",Exporta solo datos del tenant autorizado | Respeta filtros aplicados | Archivo se descarga con encabezados claros,EP13,P3,3,M,3,,WEB,Génesis Cortéz,type:feature;area:web,Backlog,0,0,,
ST-004,Notificaciones,Agregar notificaciones para eventos relevantes del paciente.,"Como paciente o profesional clínico, quiero recibir notificaciones relevantes para enterarme de eventos importantes relacionados con mis documentos.",Se define al menos un evento notificable | La app solicita permisos correctamente | Notificación abre el contexto correspondiente,EP09,P3,5,L,5,,MOBILE,Astrid Coy,type:feature;area:mobile,Backlog,0,0,,
ST-005,OCR básico,Extraer texto básico desde documentos sin realizar interpretación clínica.,"Como profesional clínico, quiero extraer texto básico de un documento mediante OCR para facilitar su consulta sin realizar interpretación clínica automática.",OCR funciona sobre al menos PDF o imagen | Texto extraído se almacena separado del archivo original | No genera diagnóstico ni interpretación médica,EP07,P3,8,XL,8,,API,Christopher Georgi,type:feature;area:api,Backlog,0,0,,
ST-006,Dashboard estadístico,Agregar un dashboard con métricas operativas simples.,"Como administrador de clínica, quiero visualizar estadísticas básicas del uso documental para conocer la actividad general de la plataforma.",Muestra al menos exámenes por tipo y por periodo | Solo utiliza datos del tenant autorizado | Métricas se actualizan desde datos reales del sistema,EP08,P3,5,L,5,,WEB,Andrés Guarumo,type:feature;area:web,Backlog,0,0,,
